[{"pk": 1, "model": "main.job", "fields": {"status": 1, "collected_urls": 0, "account": 1, "data_source": 1, "description": "", "title": "", "activated": "2012-08-08T15:07:23.603Z", "same_domain_allowed": 0, "initialization_status": 15, "budget": "0", "classify_urls": "\"\"", "remaining_urls": 0, "project_type": 0, "progress": 0, "no_of_urls": 0, "gold_samples": "[{\"url\": \"google.com\", \"label\": \"Yes\"}]", "hourly_rate": "0"}}, {"pk": 2, "model": "main.job", "fields": {"status": 1, "collected_urls": 0, "account": 1, "data_source": 1, "description": "", "title": "", "activated": "2012-08-08T15:07:58.494Z", "same_domain_allowed": 0, "initialization_status": 15, "budget": "0", "classify_urls": "\"\"", "remaining_urls": 0, "project_type": 0, "progress": 0, "no_of_urls": 0, "gold_samples": "[{\"url\": \"wikipedia.org\", \"label\": \"Yes\"}]", "hourly_rate": "0"}}, {"pk": 3, "model": "main.job", "fields": {"status": 1, "collected_urls": 0, "account": 1, "data_source": 1, "description": "", "title": "", "activated": "2012-08-08T15:08:46.212Z", "same_domain_allowed": 0, "initialization_status": 15, "budget": "0", "classify_urls": "\"\"", "remaining_urls": 0, "project_type": 0, "progress": 0, "no_of_urls": 0, "gold_samples": "[{\"url\": \"http://www.dec.ny.gov/animals/9358.html\", \"label\": \"Yes\"}]", "hourly_rate": "0"}}, {"pk": 4, "model": "main.job", "fields": {"status": 1, "collected_urls": 0, "account": 1, "data_source": 1, "description": "", "title": "", "activated": "2012-08-08T15:09:20.146Z", "same_domain_allowed": 0, "initialization_status": 15, "budget": "0", "classify_urls": "\"\"", "remaining_urls": 0, "project_type": 0, "progress": 0, "no_of_urls": 0, "gold_samples": "[{\"url\": \"http://www.enchantedlearning.com/subjects/mammals/raccoon/Raccoonprintout.shtml\", \"label\": \"Yes\"}]", "hourly_rate": "0"}}, {"pk": 1, "model": "main.sample", "fields": {"screenshot": "https://s3.amazonaws.com/urlannotator_web_screenshot/google.com", "url": "google.com", "text": "wyszukiwarka grafika wideo mapy wiadomosci tlumacz gmail wiecej igoogle historia online ustawienia zaloguj londyn 2012 koszykowka szukanie szukaj google szczesliwy traf zaawansowanenarzedzia jezykowe kibicuj polsce sledz wyniki naszych olimpijczykow walce zlote medale reklamuj sie googlerozwiazania dla firmgoogle wszystko googlegoogle.com 2012 prywatnosc warunki", "source_type": "owner", "job": 1, "source_val": "", "added_on": "2012-08-08"}}, {"pk": 2, "model": "main.sample", "fields": {"screenshot": "https://s3.amazonaws.com/urlannotator_web_screenshot/wikipedia.org", "url": "wikipedia.org", "text": "link copyright link copyright link license link license wikipedia wikipedia english the free encyclopedia 000 000 articles huri-6 815 000 espanol la enciclopedia libre 900 000 articulos deutsch die freie enzyklopa die 430 000 artikel russkij svobodnaya e'nciklopediya 875 000 statej franc ais l'encyclopedie libre 270 000 articles italiano l'enciclopedia libera 939 000 voci polski wolna encyklopedia 908 000 hasel portugues enciclopedia livre 742 000 artigos 500 000 search suchen rechercher zoeken ricerca szukaj buscar poisk busca so im kie poshuk cerca so haku hledani kereses cari ara cautare hktk hladat so sercu pretraga paieska poisci cari sh rsene zdeu bilatu suk bilnga trazi tm lgarski catal cesky dansk deutsch english espanol esperanto euskara franc ais hrvatski bahasa indonesia italiano lietuviu magyar bahasa melayu nederlands norsk bokmaal polski portugues aza sha qazaqsa sna romana russkij slovencina slovenscina srpski srpski suomi svenska tu rkc ukrayins'ka tie ng vie volapu winaray find wikipedia in language 100 000 tm lgarski catal cesky dansk deutsch english espanol esperanto euskara franc ais hrvatski bahasa indonesia italiano lietuviu magyar bahasa melayu nederlands norsk bokmaal polski portugues aza sha qazaqsa sna romana russkij slovencina slovenscina srpski srpski suomi svenska tu rkc ukrayins'ka tie ng vie volapu winaray 10 000 afrikaans alemannisch emarna aragones armaneashce asturianu kreyol ayisyen az rbaycan amdkr basa banyumasan bash ortsa belaruskaya akade'mi chnaya tarashkevica bosanski brezhoneg ch vashla cymraeg eesti ellynika frysk gaeilge galego ido interlingua islenska basa jawa kurdi latina latviesu letzebuergesch lumbaart makedonski malagasy norsk nynorsk nnapulitano occitan o'zbek piemonteis plattdu tsch runa simi sna shqip sicilianu simple english sinugboanon srpskohrvatski srpskohrvatski basa sunda kiswahili tagalog tatarcha tatarc to ik basa ugi walon yoruba zazaki zemaiteska 000 bahsa aceh arpitan avane'e avar aymar aru ban-lam-gu bahasa banjar bikol central boarisch chavacano de zamboanga corsu deitsch dine bizaad eald englisc emigli an-rumagnol e'rzyan estremenu fiji hindi fo royskt frasch furlan gaelg gagauz aidhlig gf hak-ka-fa hal'mg solelo hawai si hornjoserbsce ilokano interlingue iron aevzag kalaallisut kapampangan kaszebsczi kernewek kinyarwanda komi kyrgyzcha kyryk mary ladino lakku ligure limburgs lingala lojban malti maori ma zeruni mokshen mongol nahuatlahtolli nedersaksisch nouormand novial nohchijn olyk marij pangasinan papiamentu perem komi pfa lzisch picard arachaj-malk ar qirimtatarca ripoarisch rumantsch rusin'skyj yazyk samegiella sardu saha tyla scots seeltersk slunski af soomaali taqbaylit tarandine tok pisin lea faka-tonga tu rkmen udmurt uyghur yh tch veneto voro west-vlams wolof id sh zeeuws 100 adyge'bze akan sua bamanankan bislama buryaad chamoru chichewa cuengh dolnoserbski er lbd egbe fulfulde gikuyu hausa igbo inuktitut inupiak snm kongo latgalu lezgi luganda ing-de ng-ngu mirandes moldovenyaske na vosa vaka-viti dorerin naoero nehiyawewin norfuk pitkern afaan oromoo pontiaka qaraqalpaqsha romani kirundi gagana samoa sa ngo sesotho sesotho sa leboa setswana chishona slove n'sk siswati sranantongo reo tahiti tetun tgrna chitumbuka xitsonga tsehesenestsestotse tshivend twi vepsa kel isixhosa isizulu other languages weitere sprachen autres langues kompletna lista jezykow no otros idiomas drugie yazyki aliaj lingvoj ngon ngu9 khac wiktionary wiktionary wikinews wikinews wikiquote wikiquote wikibooks wikibooks wikispecies wikispecies wikisource wikisource wikiversity wikiversity wikimedia commons commons meta-wiki meta-wiki wikimedia", "source_type": "owner", "job": 2, "source_val": "", "added_on": "2012-08-08"}}, {"pk": 3, "model": "main.sample", "fields": {"screenshot": "https://s3.amazonaws.com/urlannotator_web_screenshot/http://www.dec.ny.gov/animals/9358.html", "url": "http://www.dec.ny.gov/animals/9358.html", "text": "skip to content ny.gov portal state agency listing search all of ny.gov searchbox search ny.gov searchbutton banner banner print icon printer-friendly to subject index search enter search term search home animals plants aquatic life mammals raccoon skip to main navigation raccoon scientific name procyon lotor description raccoonraccoons are well-rounded often plump with reddish brown to grey fur adults weigh an average of 15 pounds and are readily identified by alternating rings on the tail and characteristic black mask raccoons are important furbearers providing income and recreation to hunters and trappers in new york state many people enjoy watching or photographing raccoons some people feed them but this is unnecessary and unwise keeping raccoons as pets may be harmful to both humans and raccoons and is illegal distribution and habitat raccoons are among the most widespread mammals in new york state the adaptable raccoon can be found everywhere from the most remote forest to the crowded inner city raccoon populations often are more dense in large cities than in the wild but abundance varies widely in different types of habitat and different parts of the state behavior raccoons feed mainly at night they eat fruit nuts berries small animals and insects and also will feed on pet food garbage and garden crops female raccoons look for den sites in late winter litters of one to seven young are born in april and may young raccoons open their eyes about three weeks after birth and often announce their presence with mewing twittering or crying sounds they nurse for about six weeks then leave the den to follow the mother until september or early october when they disperse and establish their own territories mortality and disease factors canine distemper canine distemper is common disease and is usually fatal raccoons with distemper act tame or confused and eventually lose coordination become unconscious and die distemper cannot be transmitted to humans or immunized pets raccoon rabies raccoon rabies reached new york in 1990 and has become widespread rabies is viral disease with symptoms similar to distemper rabid raccoons may behave aggressively salivate heavily or have paralyzed hind legs rabies can be transmitted to humans and other animals by the bite of an infected animal if you suspect raccoon is rabid avoid or destroy the animal and contact local health officials roundworm roundworm infects most raccoons in new york at some time in their lives the roundworm rarely causes the raccoon any problems but the animals pass large numbers of eggs to the environment eggs ingested by another animal may hatch and cause nerve damage cases of human infection have been documented including two fatal cases caused by accidental infections from captive raccoons they are also thought by some ecologists to be ecologically important as carriers of diseases like canine and feline distemper which can impact populations of other valuable furbearer species management raccoons are protected by law no one may possess raccoon without license and licenses are not issued for pet wildlife hunting or trapping raccoons requires license the law allows unlicensed homeowners and farmers to destroy raccoons that damage property however property owners should try eliminating food and shelter before killing the animal except where temporarily reduced by rabies or distemper raccoon numbers may be very high while densities in rural areas may be 20 40 raccoons per square mile raccoon densities in some developed parts of the state e.g long island may exceed 100 per square mile raccoons can become nuisance if people unknowingly supply food or shelter for them they can be attracted by food available in gardens fish ponds pet feeders or garbage or by cavities that might offer shelter here are some ways to prevent raccoons from becoming nuisance do not leave pet food outside feed pets only as much as they will eat at once and remove all leftovers if necessary place pet feeders in an enclosed area such as porch garage or barn keep garbage bags in an entry-way or garage and in metal can run rubber strap rope or soft wire through the lid and attach to the can handles to make it hard for raccoons to remove lids hang the can one foot above the ground or use rack and secure the cans upright surround gardens with an electric fence made up of two wires attached to an insulated post one wire four inches and the other eight inches above the ground install the fence before vegetables ripen block the openings raccoons are using to get into your attic porch or other location place temporary cover when the raccoons leave on their nightly search for food and make permanent seal later to check if the raccoons have really left sprinkle twigs grass or flour in the opening and watch for tracks caution do not permanently seal entrances without first verifying that all animals are out of the den especially in the spring look and listen for animal noises nuisance wildlife control persons licensed by new york state can be hired to deal with problem raccoons injured and orphaned raccoons should be left alone animals actually in need of assistance may be cared for by licensed wildlife rehabilitators the dec regional office can refer you to these individuals outdoor activities animals plants aquatic life mammals raccoon chemical and pollution control energy and climate lands and waters education permits and licenses public involvement and news regulations and enforcement publications forms maps about dec find on this page description distribution habitat behavior mortality disease factors management important links raccoon hunting season raccoon trapping season pdf help for help with pdfs on this page please call 518-402-8924 contact for this page nysdec bureau of wildlife 625 broadway albany ny 12233-4755 518-402-8883 send us an email this page covers page applies to all nys regions privacy policy website usage and policies website accessibility employment contact us website survey copyright 2012 new york state department of environmental conservation", "source_type": "owner", "job": 3, "source_val": "", "added_on": "2012-08-08"}}, {"pk": 4, "model": "main.sample", "fields": {"screenshot": "https://s3.amazonaws.com/urlannotator_web_screenshot/http://www.enchantedlearning.com/subjects/mammals/raccoon/Raccoonprintout.shtml", "url": "http://www.enchantedlearning.com/subjects/mammals/raccoon/Raccoonprintout.shtml", "text": "advertisement enchantedlearning.com is user-supported site as bonus site members have access to banner-ad-free version of the site with print-friendly pages click here to learn more join enchanted learning site subscriptions last 12 months click here for more information on site click here to subscribe membership by credit card as low as 20.00 year directly by credit card site members have access to the entire website with print-friendly pages and no ads already member click here our subscribers grade-level estimate for this page 2nd 3rd enchantedlearning.com animal printouts more mammal printouts label me printouts raccoons are small very adaptable mammals from north and south america and few tropical islands they live in variety of habitats including marshes forests prairies cities and suburbs these nocturnal most active at night animals have life span of about years in the wild anatomy raccoons have distinctive black patches around their eyes that look like mask they have bushy black-ringed tail clawed feet and pointed snout they have long fingers and toes and an acute sense of touch newborn raccoons do not have black eye patches or ringed tail these develop after few days raccoons grow to be about 18 to 26 inches 46-66 cm long plus striped furry tail to 12 inches 23-30 cm long diet raccoons are omnivores they will eat almost anything including frogs crayfish birds mice and other small mammals fruit nuts plants crops and garbage raccoons find much of their food in water adult raccoons have few natural enemies young raccoons can be eaten by wolves and bobcats enchanted learning search search the enchanted learning website for search advertisement advertisement advertisement copyright 1999-2010 enchantedlearning.com how to cite web page", "source_type": "owner", "job": 4, "source_val": "", "added_on": "2012-08-08"}}, {"pk": 1, "model": "main.goldsample", "fields": {"sample": 1, "label": "Yes"}}, {"pk": 2, "model": "main.goldsample", "fields": {"sample": 2, "label": "Yes"}}, {"pk": 3, "model": "main.goldsample", "fields": {"sample": 3, "label": "Yes"}}, {"pk": 4, "model": "main.goldsample", "fields": {"sample": 4, "label": "Yes"}}, {"pk": 1, "model": "main.progressstatistics", "fields": {"date": "2012-08-08T15:07:12.119Z", "job": 1, "value": 0, "delta": 0}}, {"pk": 2, "model": "main.progressstatistics", "fields": {"date": "2012-08-08T15:07:43.197Z", "job": 2, "value": 0, "delta": 0}}, {"pk": 3, "model": "main.progressstatistics", "fields": {"date": "2012-08-08T15:08:22.577Z", "job": 3, "value": 0, "delta": 0}}, {"pk": 4, "model": "main.progressstatistics", "fields": {"date": "2012-08-08T15:09:06.729Z", "job": 4, "value": 0, "delta": 0}}, {"pk": 1, "model": "main.spentstatistics", "fields": {"date": "2012-08-08T15:07:12.265Z", "job": 1, "value": 0, "delta": 0}}, {"pk": 2, "model": "main.spentstatistics", "fields": {"date": "2012-08-08T15:07:43.365Z", "job": 2, "value": 0, "delta": 0}}, {"pk": 3, "model": "main.spentstatistics", "fields": {"date": "2012-08-08T15:08:22.746Z", "job": 3, "value": 0, "delta": 0}}, {"pk": 4, "model": "main.spentstatistics", "fields": {"date": "2012-08-08T15:09:06.886Z", "job": 4, "value": 0, "delta": 0}}, {"pk": 1, "model": "main.urlstatistics", "fields": {"date": "2012-08-08T15:07:12.411Z", "job": 1, "value": 0, "delta": 0}}, {"pk": 2, "model": "main.urlstatistics", "fields": {"date": "2012-08-08T15:07:43.532Z", "job": 2, "value": 0, "delta": 0}}, {"pk": 3, "model": "main.urlstatistics", "fields": {"date": "2012-08-08T15:08:22.892Z", "job": 3, "value": 0, "delta": 0}}, {"pk": 4, "model": "main.urlstatistics", "fields": {"date": "2012-08-08T15:09:07.031Z", "job": 4, "value": 0, "delta": 0}}, {"pk": 1, "model": "classification.classifier", "fields": {"job": 1, "main": true, "type": "SimpleClassifier", "parameters": "{\"training_set\": 0}"}}, {"pk": 2, "model": "classification.classifier", "fields": {"job": 2, "main": true, "type": "SimpleClassifier", "parameters": "{\"training_set\": 0}"}}, {"pk": 3, "model": "classification.classifier", "fields": {"job": 3, "main": true, "type": "SimpleClassifier", "parameters": "{\"training_set\": 0}"}}, {"pk": 4, "model": "classification.classifier", "fields": {"job": 4, "main": true, "type": "SimpleClassifier", "parameters": "{\"training_set\": 0}"}}, {"pk": 1, "model": "classification.statistics", "fields": {}}, {"pk": 2, "model": "classification.statistics", "fields": {}}, {"pk": 3, "model": "classification.statistics", "fields": {}}, {"pk": 4, "model": "classification.statistics", "fields": {}}, {"pk": 5, "model": "classification.statistics", "fields": {}}, {"pk": 6, "model": "classification.statistics", "fields": {}}, {"pk": 7, "model": "classification.statistics", "fields": {}}, {"pk": 8, "model": "classification.statistics", "fields": {}}, {"pk": 1, "model": "classification.classifierperformance", "fields": {"date": "2012-08-08T15:07:12.702Z", "job": 1, "value": "{}"}}, {"pk": 3, "model": "classification.classifierperformance", "fields": {"date": "2012-08-08T15:07:43.823Z", "job": 2, "value": "{}"}}, {"pk": 5, "model": "classification.classifierperformance", "fields": {"date": "2012-08-08T15:08:23.183Z", "job": 3, "value": "{}"}}, {"pk": 7, "model": "classification.classifierperformance", "fields": {"date": "2012-08-08T15:09:07.313Z", "job": 4, "value": "{}"}}, {"pk": 2, "model": "classification.classifierperformanceperhour", "fields": {"date": "2012-08-08T15:07:12.982Z", "job": 1, "value": "{}"}}, {"pk": 4, "model": "classification.classifierperformanceperhour", "fields": {"date": "2012-08-08T15:07:44.105Z", "job": 2, "value": "{}"}}, {"pk": 6, "model": "classification.classifierperformanceperhour", "fields": {"date": "2012-08-08T15:08:23.474Z", "job": 3, "value": "{}"}}, {"pk": 8, "model": "classification.classifierperformanceperhour", "fields": {"date": "2012-08-08T15:09:07.605Z", "job": 4, "value": "{}"}}, {"pk": 1, "model": "classification.trainingset", "fields": {"job": 1, "revision": "2012-08-08T15:07:13.338Z"}}, {"pk": 2, "model": "classification.trainingset", "fields": {"job": 2, "revision": "2012-08-08T15:07:44.281Z"}}, {"pk": 3, "model": "classification.trainingset", "fields": {"job": 3, "revision": "2012-08-08T15:08:23.667Z"}}, {"pk": 4, "model": "classification.trainingset", "fields": {"job": 4, "revision": "2012-08-08T15:09:07.799Z"}}, {"pk": 1, "model": "classification.trainingsample", "fields": {"sample": 1, "set": 1, "label": "Yes"}}, {"pk": 2, "model": "classification.trainingsample", "fields": {"sample": 2, "set": 2, "label": "Yes"}}, {"pk": 3, "model": "classification.trainingsample", "fields": {"sample": 3, "set": 3, "label": "Yes"}}, {"pk": 4, "model": "classification.trainingsample", "fields": {"sample": 4, "set": 4, "label": "Yes"}}, {"pk": 19, "model": "auth.permission", "fields": {"codename": "add_logentry", "name": "Can add log entry", "content_type": ["admin", "logentry"]}}, {"pk": 20, "model": "auth.permission", "fields": {"codename": "change_logentry", "name": "Can change log entry", "content_type": ["admin", "logentry"]}}, {"pk": 21, "model": "auth.permission", "fields": {"codename": "delete_logentry", "name": "Can delete log entry", "content_type": ["admin", "logentry"]}}, {"pk": 1, "model": "auth.permission", "fields": {"codename": "add_group", "name": "Can add group", "content_type": ["auth", "group"]}}, {"pk": 4, "model": "auth.permission", "fields": {"codename": "change_group", "name": "Can change group", "content_type": ["auth", "group"]}}, {"pk": 7, "model": "auth.permission", "fields": {"codename": "delete_group", "name": "Can delete group", "content_type": ["auth", "group"]}}, {"pk": 2, "model": "auth.permission", "fields": {"codename": "add_permission", "name": "Can add permission", "content_type": ["auth", "permission"]}}, {"pk": 5, "model": "auth.permission", "fields": {"codename": "change_permission", "name": "Can change permission", "content_type": ["auth", "permission"]}}, {"pk": 8, "model": "auth.permission", "fields": {"codename": "delete_permission", "name": "Can delete permission", "content_type": ["auth", "permission"]}}, {"pk": 3, "model": "auth.permission", "fields": {"codename": "add_user", "name": "Can add user", "content_type": ["auth", "user"]}}, {"pk": 6, "model": "auth.permission", "fields": {"codename": "change_user", "name": "Can change user", "content_type": ["auth", "user"]}}, {"pk": 9, "model": "auth.permission", "fields": {"codename": "delete_user", "name": "Can delete user", "content_type": ["auth", "user"]}}, {"pk": 64, "model": "auth.permission", "fields": {"codename": "add_classifiedsample", "name": "Can add classified sample", "content_type": ["classification", "classifiedsample"]}}, {"pk": 71, "model": "auth.permission", "fields": {"codename": "change_classifiedsample", "name": "Can change classified sample", "content_type": ["classification", "classifiedsample"]}}, {"pk": 78, "model": "auth.permission", "fields": {"codename": "delete_classifiedsample", "name": "Can delete classified sample", "content_type": ["classification", "classifiedsample"]}}, {"pk": 65, "model": "auth.permission", "fields": {"codename": "add_classifier", "name": "Can add classifier", "content_type": ["classification", "classifier"]}}, {"pk": 72, "model": "auth.permission", "fields": {"codename": "change_classifier", "name": "Can change classifier", "content_type": ["classification", "classifier"]}}, {"pk": 79, "model": "auth.permission", "fields": {"codename": "delete_classifier", "name": "Can delete classifier", "content_type": ["classification", "classifier"]}}, {"pk": 66, "model": "auth.permission", "fields": {"codename": "add_classifierperformance", "name": "Can add classifier performance", "content_type": ["classification", "classifierperformance"]}}, {"pk": 73, "model": "auth.permission", "fields": {"codename": "change_classifierperformance", "name": "Can change classifier performance", "content_type": ["classification", "classifierperformance"]}}, {"pk": 80, "model": "auth.permission", "fields": {"codename": "delete_classifierperformance", "name": "Can delete classifier performance", "content_type": ["classification", "classifierperformance"]}}, {"pk": 67, "model": "auth.permission", "fields": {"codename": "add_classifierperformanceperhour", "name": "Can add classifier performance per hour", "content_type": ["classification", "classifierperformanceperhour"]}}, {"pk": 74, "model": "auth.permission", "fields": {"codename": "change_classifierperformanceperhour", "name": "Can change classifier performance per hour", "content_type": ["classification", "classifierperformanceperhour"]}}, {"pk": 81, "model": "auth.permission", "fields": {"codename": "delete_classifierperformanceperhour", "name": "Can delete classifier performance per hour", "content_type": ["classification", "classifierperformanceperhour"]}}, {"pk": 68, "model": "auth.permission", "fields": {"codename": "add_statistics", "name": "Can add statistics", "content_type": ["classification", "statistics"]}}, {"pk": 75, "model": "auth.permission", "fields": {"codename": "change_statistics", "name": "Can change statistics", "content_type": ["classification", "statistics"]}}, {"pk": 82, "model": "auth.permission", "fields": {"codename": "delete_statistics", "name": "Can delete statistics", "content_type": ["classification", "statistics"]}}, {"pk": 69, "model": "auth.permission", "fields": {"codename": "add_trainingsample", "name": "Can add training sample", "content_type": ["classification", "trainingsample"]}}, {"pk": 76, "model": "auth.permission", "fields": {"codename": "change_trainingsample", "name": "Can change training sample", "content_type": ["classification", "trainingsample"]}}, {"pk": 83, "model": "auth.permission", "fields": {"codename": "delete_trainingsample", "name": "Can delete training sample", "content_type": ["classification", "trainingsample"]}}, {"pk": 70, "model": "auth.permission", "fields": {"codename": "add_trainingset", "name": "Can add training set", "content_type": ["classification", "trainingset"]}}, {"pk": 77, "model": "auth.permission", "fields": {"codename": "change_trainingset", "name": "Can change training set", "content_type": ["classification", "trainingset"]}}, {"pk": 84, "model": "auth.permission", "fields": {"codename": "delete_trainingset", "name": "Can delete training set", "content_type": ["classification", "trainingset"]}}, {"pk": 10, "model": "auth.permission", "fields": {"codename": "add_contenttype", "name": "Can add content type", "content_type": ["contenttypes", "contenttype"]}}, {"pk": 11, "model": "auth.permission", "fields": {"codename": "change_contenttype", "name": "Can change content type", "content_type": ["contenttypes", "contenttype"]}}, {"pk": 12, "model": "auth.permission", "fields": {"codename": "delete_contenttype", "name": "Can delete content type", "content_type": ["contenttypes", "contenttype"]}}, {"pk": 85, "model": "auth.permission", "fields": {"codename": "add_beatthemachinesamples", "name": "Can add beat the machine samples", "content_type": ["crowdsourcing", "beatthemachinesamples"]}}, {"pk": 87, "model": "auth.permission", "fields": {"codename": "change_beatthemachinesamples", "name": "Can change beat the machine samples", "content_type": ["crowdsourcing", "beatthemachinesamples"]}}, {"pk": 89, "model": "auth.permission", "fields": {"codename": "delete_beatthemachinesamples", "name": "Can delete beat the machine samples", "content_type": ["crowdsourcing", "beatthemachinesamples"]}}, {"pk": 86, "model": "auth.permission", "fields": {"codename": "add_workerqualityvote", "name": "Can add worker quality vote", "content_type": ["crowdsourcing", "workerqualityvote"]}}, {"pk": 88, "model": "auth.permission", "fields": {"codename": "change_workerqualityvote", "name": "Can change worker quality vote", "content_type": ["crowdsourcing", "workerqualityvote"]}}, {"pk": 90, "model": "auth.permission", "fields": {"codename": "delete_workerqualityvote", "name": "Can delete worker quality vote", "content_type": ["crowdsourcing", "workerqualityvote"]}}, {"pk": 40, "model": "auth.permission", "fields": {"codename": "add_taskmeta", "name": "Can add task state", "content_type": ["djcelery", "crontabschedule"]}}, {"pk": 48, "model": "auth.permission", "fields": {"codename": "change_taskmeta", "name": "Can change task state", "content_type": ["djcelery", "crontabschedule"]}}, {"pk": 56, "model": "auth.permission", "fields": {"codename": "delete_taskmeta", "name": "Can delete task state", "content_type": ["djcelery", "crontabschedule"]}}, {"pk": 25, "model": "auth.permission", "fields": {"codename": "add_association", "name": "Can add association", "content_type": ["djcelery", "intervalschedule"]}}, {"pk": 28, "model": "auth.permission", "fields": {"codename": "change_association", "name": "Can change association", "content_type": ["djcelery", "intervalschedule"]}}, {"pk": 31, "model": "auth.permission", "fields": {"codename": "delete_association", "name": "Can delete association", "content_type": ["djcelery", "intervalschedule"]}}, {"pk": 35, "model": "auth.permission", "fields": {"codename": "add_intervalschedule", "name": "Can add interval", "content_type": ["djcelery", "periodictask"]}}, {"pk": 43, "model": "auth.permission", "fields": {"codename": "change_intervalschedule", "name": "Can change interval", "content_type": ["djcelery", "periodictask"]}}, {"pk": 51, "model": "auth.permission", "fields": {"codename": "delete_intervalschedule", "name": "Can delete interval", "content_type": ["djcelery", "periodictask"]}}, {"pk": 38, "model": "auth.permission", "fields": {"codename": "add_tasksetmeta", "name": "Can add saved group result", "content_type": ["djcelery", "periodictasks"]}}, {"pk": 46, "model": "auth.permission", "fields": {"codename": "change_tasksetmeta", "name": "Can change saved group result", "content_type": ["djcelery", "periodictasks"]}}, {"pk": 54, "model": "auth.permission", "fields": {"codename": "delete_tasksetmeta", "name": "Can delete saved group result", "content_type": ["djcelery", "periodictasks"]}}, {"pk": 27, "model": "auth.permission", "fields": {"codename": "add_usersocialauth", "name": "Can add user social auth", "content_type": ["djcelery", "taskmeta"]}}, {"pk": 30, "model": "auth.permission", "fields": {"codename": "change_usersocialauth", "name": "Can change user social auth", "content_type": ["djcelery", "taskmeta"]}}, {"pk": 33, "model": "auth.permission", "fields": {"codename": "delete_usersocialauth", "name": "Can delete user social auth", "content_type": ["djcelery", "taskmeta"]}}, {"pk": 26, "model": "auth.permission", "fields": {"codename": "add_nonce", "name": "Can add nonce", "content_type": ["djcelery", "tasksetmeta"]}}, {"pk": 29, "model": "auth.permission", "fields": {"codename": "change_nonce", "name": "Can change nonce", "content_type": ["djcelery", "tasksetmeta"]}}, {"pk": 32, "model": "auth.permission", "fields": {"codename": "delete_nonce", "name": "Can delete nonce", "content_type": ["djcelery", "tasksetmeta"]}}, {"pk": 37, "model": "auth.permission", "fields": {"codename": "add_periodictasks", "name": "Can add periodic tasks", "content_type": ["djcelery", "taskstate"]}}, {"pk": 45, "model": "auth.permission", "fields": {"codename": "change_periodictasks", "name": "Can change periodic tasks", "content_type": ["djcelery", "taskstate"]}}, {"pk": 53, "model": "auth.permission", "fields": {"codename": "delete_periodictasks", "name": "Can delete periodic tasks", "content_type": ["djcelery", "taskstate"]}}, {"pk": 34, "model": "auth.permission", "fields": {"codename": "add_crontabschedule", "name": "Can add crontab", "content_type": ["djcelery", "workerstate"]}}, {"pk": 42, "model": "auth.permission", "fields": {"codename": "change_crontabschedule", "name": "Can change crontab", "content_type": ["djcelery", "workerstate"]}}, {"pk": 50, "model": "auth.permission", "fields": {"codename": "delete_crontabschedule", "name": "Can delete crontab", "content_type": ["djcelery", "workerstate"]}}, {"pk": 91, "model": "auth.permission", "fields": {"codename": "add_account", "name": "Can add account", "content_type": ["main", "account"]}}, {"pk": 100, "model": "auth.permission", "fields": {"codename": "change_account", "name": "Can change account", "content_type": ["main", "account"]}}, {"pk": 109, "model": "auth.permission", "fields": {"codename": "delete_account", "name": "Can delete account", "content_type": ["main", "account"]}}, {"pk": 92, "model": "auth.permission", "fields": {"codename": "add_goldsample", "name": "Can add gold sample", "content_type": ["main", "goldsample"]}}, {"pk": 101, "model": "auth.permission", "fields": {"codename": "change_goldsample", "name": "Can change gold sample", "content_type": ["main", "goldsample"]}}, {"pk": 110, "model": "auth.permission", "fields": {"codename": "delete_goldsample", "name": "Can delete gold sample", "content_type": ["main", "goldsample"]}}, {"pk": 93, "model": "auth.permission", "fields": {"codename": "add_job", "name": "Can add job", "content_type": ["main", "job"]}}, {"pk": 102, "model": "auth.permission", "fields": {"codename": "change_job", "name": "Can change job", "content_type": ["main", "job"]}}, {"pk": 111, "model": "auth.permission", "fields": {"codename": "delete_job", "name": "Can delete job", "content_type": ["main", "job"]}}, {"pk": 94, "model": "auth.permission", "fields": {"codename": "add_progressstatistics", "name": "Can add progress statistics", "content_type": ["main", "progressstatistics"]}}, {"pk": 103, "model": "auth.permission", "fields": {"codename": "change_progressstatistics", "name": "Can change progress statistics", "content_type": ["main", "progressstatistics"]}}, {"pk": 112, "model": "auth.permission", "fields": {"codename": "delete_progressstatistics", "name": "Can delete progress statistics", "content_type": ["main", "progressstatistics"]}}, {"pk": 95, "model": "auth.permission", "fields": {"codename": "add_sample", "name": "Can add sample", "content_type": ["main", "sample"]}}, {"pk": 104, "model": "auth.permission", "fields": {"codename": "change_sample", "name": "Can change sample", "content_type": ["main", "sample"]}}, {"pk": 113, "model": "auth.permission", "fields": {"codename": "delete_sample", "name": "Can delete sample", "content_type": ["main", "sample"]}}, {"pk": 96, "model": "auth.permission", "fields": {"codename": "add_spentstatistics", "name": "Can add spent statistics", "content_type": ["main", "spentstatistics"]}}, {"pk": 105, "model": "auth.permission", "fields": {"codename": "change_spentstatistics", "name": "Can change spent statistics", "content_type": ["main", "spentstatistics"]}}, {"pk": 114, "model": "auth.permission", "fields": {"codename": "delete_spentstatistics", "name": "Can delete spent statistics", "content_type": ["main", "spentstatistics"]}}, {"pk": 97, "model": "auth.permission", "fields": {"codename": "add_temporarysample", "name": "Can add temporary sample", "content_type": ["main", "temporarysample"]}}, {"pk": 106, "model": "auth.permission", "fields": {"codename": "change_temporarysample", "name": "Can change temporary sample", "content_type": ["main", "temporarysample"]}}, {"pk": 115, "model": "auth.permission", "fields": {"codename": "delete_temporarysample", "name": "Can delete temporary sample", "content_type": ["main", "temporarysample"]}}, {"pk": 98, "model": "auth.permission", "fields": {"codename": "add_urlstatistics", "name": "Can add url statistics", "content_type": ["main", "urlstatistics"]}}, {"pk": 107, "model": "auth.permission", "fields": {"codename": "change_urlstatistics", "name": "Can change url statistics", "content_type": ["main", "urlstatistics"]}}, {"pk": 116, "model": "auth.permission", "fields": {"codename": "delete_urlstatistics", "name": "Can delete url statistics", "content_type": ["main", "urlstatistics"]}}, {"pk": 99, "model": "auth.permission", "fields": {"codename": "add_worker", "name": "Can add worker", "content_type": ["main", "worker"]}}, {"pk": 108, "model": "auth.permission", "fields": {"codename": "change_worker", "name": "Can change worker", "content_type": ["main", "worker"]}}, {"pk": 117, "model": "auth.permission", "fields": {"codename": "delete_worker", "name": "Can delete worker", "content_type": ["main", "worker"]}}, {"pk": 13, "model": "auth.permission", "fields": {"codename": "add_session", "name": "Can add session", "content_type": ["sessions", "session"]}}, {"pk": 14, "model": "auth.permission", "fields": {"codename": "change_session", "name": "Can change session", "content_type": ["sessions", "session"]}}, {"pk": 15, "model": "auth.permission", "fields": {"codename": "delete_session", "name": "Can delete session", "content_type": ["sessions", "session"]}}, {"pk": 16, "model": "auth.permission", "fields": {"codename": "add_site", "name": "Can add site", "content_type": ["sites", "site"]}}, {"pk": 17, "model": "auth.permission", "fields": {"codename": "change_site", "name": "Can change site", "content_type": ["sites", "site"]}}, {"pk": 18, "model": "auth.permission", "fields": {"codename": "delete_site", "name": "Can delete site", "content_type": ["sites", "site"]}}, {"pk": 59, "model": "auth.permission", "fields": {"codename": "add_apikey", "name": "Can add api key", "content_type": ["social_auth", "association"]}}, {"pk": 61, "model": "auth.permission", "fields": {"codename": "change_apikey", "name": "Can change api key", "content_type": ["social_auth", "association"]}}, {"pk": 63, "model": "auth.permission", "fields": {"codename": "delete_apikey", "name": "Can delete api key", "content_type": ["social_auth", "association"]}}, {"pk": 58, "model": "auth.permission", "fields": {"codename": "add_apiaccess", "name": "Can add api access", "content_type": ["social_auth", "nonce"]}}, {"pk": 60, "model": "auth.permission", "fields": {"codename": "change_apiaccess", "name": "Can change api access", "content_type": ["social_auth", "nonce"]}}, {"pk": 62, "model": "auth.permission", "fields": {"codename": "delete_apiaccess", "name": "Can delete api access", "content_type": ["social_auth", "nonce"]}}, {"pk": 39, "model": "auth.permission", "fields": {"codename": "add_taskstate", "name": "Can add task", "content_type": ["social_auth", "usersocialauth"]}}, {"pk": 47, "model": "auth.permission", "fields": {"codename": "change_taskstate", "name": "Can change task", "content_type": ["social_auth", "usersocialauth"]}}, {"pk": 55, "model": "auth.permission", "fields": {"codename": "delete_taskstate", "name": "Can delete task", "content_type": ["social_auth", "usersocialauth"]}}, {"pk": 22, "model": "auth.permission", "fields": {"codename": "add_migrationhistory", "name": "Can add migration history", "content_type": ["south", "migrationhistory"]}}, {"pk": 23, "model": "auth.permission", "fields": {"codename": "change_migrationhistory", "name": "Can change migration history", "content_type": ["south", "migrationhistory"]}}, {"pk": 24, "model": "auth.permission", "fields": {"codename": "delete_migrationhistory", "name": "Can delete migration history", "content_type": ["south", "migrationhistory"]}}, {"pk": 36, "model": "auth.permission", "fields": {"codename": "add_periodictask", "name": "Can add periodic task", "content_type": ["tastypie", "apiaccess"]}}, {"pk": 44, "model": "auth.permission", "fields": {"codename": "change_periodictask", "name": "Can change periodic task", "content_type": ["tastypie", "apiaccess"]}}, {"pk": 52, "model": "auth.permission", "fields": {"codename": "delete_periodictask", "name": "Can delete periodic task", "content_type": ["tastypie", "apiaccess"]}}, {"pk": 41, "model": "auth.permission", "fields": {"codename": "add_workerstate", "name": "Can add worker", "content_type": ["tastypie", "apikey"]}}, {"pk": 49, "model": "auth.permission", "fields": {"codename": "change_workerstate", "name": "Can change worker", "content_type": ["tastypie", "apikey"]}}, {"pk": 57, "model": "auth.permission", "fields": {"codename": "delete_workerstate", "name": "Can delete worker", "content_type": ["tastypie", "apikey"]}}, {"pk": 1, "model": "auth.user", "fields": {"username": "test", "first_name": "", "last_name": "", "is_active": true, "is_superuser": false, "is_staff": false, "last_login": "2012-08-08T15:07:03.377Z", "groups": [], "user_permissions": [], "password": "pbkdf2_sha256$10000$b3uVYVGQBWZ8$FbmyXzXED15Qw71TK8ie6DUNpGtz1pSARBpyFdK6SBU=", "email": "", "date_joined": "2012-08-08T15:07:03.377Z"}}, {"pk": 1, "model": "main.account", "fields": {"activation_key": "", "worker_entry": null, "alerts": false, "odesk_uid": "", "user": ["test"], "full_name": "", "email_registered": false, "odesk_key": ""}}]